Season,Round,EventName,Driver,AvgQualiTime
2023,1,Bahrain Grand Prix,VER,107.982444
2023,1,Bahrain Grand Prix,PER,108.785444
2023,1,Bahrain Grand Prix,LEC,109.3064
2023,1,Bahrain Grand Prix,SAI,101.4991
2023,1,Bahrain Grand Prix,ALO,106.9578
2023,1,Bahrain Grand Prix,RUS,106.5589
2023,1,Bahrain Grand Prix,HAM,102.7708
2023,1,Bahrain Grand Prix,STR,102.791272
2023,1,Bahrain Grand Prix,OCO,104.808555
2023,1,Bahrain Grand Prix,HUL,103.1039
2023,1,Bahrain Grand Prix,NOR,104.41425
2023,1,Bahrain Grand Prix,BOT,107.541625
2023,1,Bahrain Grand Prix,ZHO,107.1355
2023,1,Bahrain Grand Prix,TSU,104.692555
2023,1,Bahrain Grand Prix,ALB,109.1628
2023,1,Bahrain Grand Prix,SAR,104.16775
2023,1,Bahrain Grand Prix,MAG,102.9635
2023,1,Bahrain Grand Prix,PIA,105.21625
2023,1,Bahrain Grand Prix,DEV,101.3246
2023,1,Bahrain Grand Prix,GAS,102.76775
2023,2,Saudi Arabian Grand Prix,PER,106.564363
2023,2,Saudi Arabian Grand Prix,LEC,103.976333
2023,2,Saudi Arabian Grand Prix,ALO,105.193769
2023,2,Saudi Arabian Grand Prix,RUS,108.400066
2023,2,Saudi Arabian Grand Prix,SAI,107.82175
2023,2,Saudi Arabian Grand Prix,STR,107.5742
2023,2,Saudi Arabian Grand Prix,OCO,104.821263
2023,2,Saudi Arabian Grand Prix,HAM,105.407333
2023,2,Saudi Arabian Grand Prix,PIA,104.023941
2023,2,Saudi Arabian Grand Prix,GAS,104.284222
2023,2,Saudi Arabian Grand Prix,HUL,106.830928
2023,2,Saudi Arabian Grand Prix,ZHO,106.963714
2023,2,Saudi Arabian Grand Prix,MAG,104.889818
2023,2,Saudi Arabian Grand Prix,BOT,107.466571
2023,2,Saudi Arabian Grand Prix,VER,122.255
2023,2,Saudi Arabian Grand Prix,TSU,110.279125
2023,2,Saudi Arabian Grand Prix,ALB,109.861857
2023,2,Saudi Arabian Grand Prix,DEV,114.46775
2023,2,Saudi Arabian Grand Prix,NOR,94.2345
2023,2,Saudi Arabian Grand Prix,SAR,111.78
2023,3,Australian Grand Prix,VER,94.188555
2023,3,Australian Grand Prix,RUS,90.608833
2023,3,Australian Grand Prix,HAM,91.503652
2023,3,Australian Grand Prix,ALO,91.6806
2023,3,Australian Grand Prix,SAI,99.464095
2023,3,Australian Grand Prix,STR,94.8988
2023,3,Australian Grand Prix,LEC,100.257777
2023,3,Australian Grand Prix,ALB,92.144857
2023,3,Australian Grand Prix,GAS,89.843857
2023,3,Australian Grand Prix,HUL,92.5295
2023,3,Australian Grand Prix,OCO,93.474533
2023,3,Australian Grand Prix,TSU,95.752823
2023,3,Australian Grand Prix,NOR,96.305904
2023,3,Australian Grand Prix,MAG,93.737642
2023,3,Australian Grand Prix,DEV,94.277947
2023,3,Australian Grand Prix,PIA,97.358
2023,3,Australian Grand Prix,ZHO,95.4316
2023,3,Australian Grand Prix,SAR,95.803
2023,3,Australian Grand Prix,BOT,90.4752
2023,3,Australian Grand Prix,PER,100.187
2023,4,Azerbaijan Grand Prix,LEC,117.77223
2023,4,Azerbaijan Grand Prix,VER,115.387454
2023,4,Azerbaijan Grand Prix,PER,114.840818
2023,4,Azerbaijan Grand Prix,SAI,116.325615
2023,4,Azerbaijan Grand Prix,HAM,112.469285
2023,4,Azerbaijan Grand Prix,ALO,113.305214
2023,4,Azerbaijan Grand Prix,NOR,116.429
2023,4,Azerbaijan Grand Prix,TSU,115.738933
2023,4,Azerbaijan Grand Prix,STR,116.038357
2023,4,Azerbaijan Grand Prix,PIA,114.3972
2023,4,Azerbaijan Grand Prix,RUS,114.555545
2023,4,Azerbaijan Grand Prix,OCO,118.424
2023,4,Azerbaijan Grand Prix,ALB,116.630416
2023,4,Azerbaijan Grand Prix,BOT,119.02825
2023,4,Azerbaijan Grand Prix,SAR,116.683
2023,4,Azerbaijan Grand Prix,ZHO,121.476
2023,4,Azerbaijan Grand Prix,HUL,116.183571
2023,4,Azerbaijan Grand Prix,MAG,121.11175
2023,4,Azerbaijan Grand Prix,GAS,115.3475
2023,4,Azerbaijan Grand Prix,DEV,115.282
2023,5,Miami Grand Prix,PER,107.213083
2023,5,Miami Grand Prix,ALO,107.350083
2023,5,Miami Grand Prix,SAI,113.278083
2023,5,Miami Grand Prix,MAG,103.100166
2023,5,Miami Grand Prix,GAS,106.649692
2023,5,Miami Grand Prix,RUS,104.81625
2023,5,Miami Grand Prix,LEC,109.159461
2023,5,Miami Grand Prix,OCO,106.633384
2023,5,Miami Grand Prix,VER,98.7745
2023,5,Miami Grand Prix,BOT,107.039727
2023,5,Miami Grand Prix,ALB,116.553916
2023,5,Miami Grand Prix,HUL,104.901454
2023,5,Miami Grand Prix,HAM,100.955888
2023,5,Miami Grand Prix,ZHO,107.175833
2023,5,Miami Grand Prix,DEV,103.25309
2023,5,Miami Grand Prix,NOR,111.989
2023,5,Miami Grand Prix,TSU,111.1035
2023,5,Miami Grand Prix,STR,109.893166
2023,5,Miami Grand Prix,PIA,113.040714
2023,5,Miami Grand Prix,SAR,110.988625
2023,6,Monaco Grand Prix,VER,94.170782
2023,6,Monaco Grand Prix,ALO,88.188736
2023,6,Monaco Grand Prix,LEC,93.4828
2023,6,Monaco Grand Prix,OCO,90.5201
2023,6,Monaco Grand Prix,SAI,94.82609
2023,6,Monaco Grand Prix,HAM,90.807153
2023,6,Monaco Grand Prix,GAS,88.264473
2023,6,Monaco Grand Prix,RUS,90.591458
2023,6,Monaco Grand Prix,TSU,89.449434
2023,6,Monaco Grand Prix,NOR,91.707388
2023,6,Monaco Grand Prix,PIA,90.596
2023,6,Monaco Grand Prix,DEV,86.978133
2023,6,Monaco Grand Prix,ALB,88.071692
2023,6,Monaco Grand Prix,STR,85.855533
2023,6,Monaco Grand Prix,BOT,91.262277
2023,6,Monaco Grand Prix,SAR,88.4604
2023,6,Monaco Grand Prix,MAG,95.346571
2023,6,Monaco Grand Prix,HUL,97.382833
2023,6,Monaco Grand Prix,ZHO,91.450454
2023,6,Monaco Grand Prix,PER,100.669
2023,7,Spanish Grand Prix,VER,96.418
2023,7,Spanish Grand Prix,SAI,89.906428
2023,7,Spanish Grand Prix,NOR,85.40423
2023,7,Spanish Grand Prix,GAS,87.963833
2023,7,Spanish Grand Prix,HAM,89.421642
2023,7,Spanish Grand Prix,STR,86.0345
2023,7,Spanish Grand Prix,OCO,86.363166
2023,7,Spanish Grand Prix,HUL,82.401727
2023,7,Spanish Grand Prix,ALO,85.0399
2023,7,Spanish Grand Prix,PIA,89.007727
2023,7,Spanish Grand Prix,PER,97.289181
2023,7,Spanish Grand Prix,RUS,89.252416
2023,7,Spanish Grand Prix,ZHO,96.5169
2023,7,Spanish Grand Prix,DEV,89.1923
2023,7,Spanish Grand Prix,TSU,87.79523
2023,7,Spanish Grand Prix,BOT,98.005833
2023,7,Spanish Grand Prix,MAG,83.6102
2023,7,Spanish Grand Prix,ALB,91.75
2023,7,Spanish Grand Prix,LEC,93.905
2023,7,Spanish Grand Prix,SAR,86.3895
2023,8,Canadian Grand Prix,VER,87.992473
2023,8,Canadian Grand Prix,HUL,91.121526
2023,8,Canadian Grand Prix,ALO,94.578
2023,8,Canadian Grand Prix,HAM,96.546095
2023,8,Canadian Grand Prix,RUS,97.168684
2023,8,Canadian Grand Prix,OCO,92.214578
2023,8,Canadian Grand Prix,NOR,91.51625
2023,8,Canadian Grand Prix,SAI,93.608857
2023,8,Canadian Grand Prix,PIA,94.36645
2023,8,Canadian Grand Prix,ALB,92.667555
2023,8,Canadian Grand Prix,LEC,92.728157
2023,8,Canadian Grand Prix,PER,92.42565
2023,8,Canadian Grand Prix,STR,92.479875
2023,8,Canadian Grand Prix,MAG,96.829777
2023,8,Canadian Grand Prix,BOT,94.1775
2023,8,Canadian Grand Prix,TSU,95.308777
2023,8,Canadian Grand Prix,GAS,90.141
2023,8,Canadian Grand Prix,DEV,93.8395
2023,8,Canadian Grand Prix,SAR,93.387833
2023,8,Canadian Grand Prix,ZHO,95.007444
2023,9,Austrian Grand Prix,VER,91.106176
2023,9,Austrian Grand Prix,LEC,85.578684
2023,9,Austrian Grand Prix,SAI,83.557941
2023,9,Austrian Grand Prix,NOR,82.8225
2023,9,Austrian Grand Prix,HAM,82.464562
2023,9,Austrian Grand Prix,STR,85.706882
2023,9,Austrian Grand Prix,ALO,76.977411
2023,9,Austrian Grand Prix,HUL,83.477125
2023,9,Austrian Grand Prix,GAS,75.529416
2023,9,Austrian Grand Prix,ALB,77.791461
2023,9,Austrian Grand Prix,RUS,81.269266
2023,9,Austrian Grand Prix,OCO,80.5845
2023,9,Austrian Grand Prix,PIA,88.103142
2023,9,Austrian Grand Prix,BOT,79.44975
2023,9,Austrian Grand Prix,PER,90.239538
2023,9,Austrian Grand Prix,TSU,77.905142
2023,9,Austrian Grand Prix,ZHO,76.5118
2023,9,Austrian Grand Prix,SAR,81.572666
2023,9,Austrian Grand Prix,MAG,91.581571
2023,9,Austrian Grand Prix,DEV,82.330285
2023,10,British Grand Prix,VER,102.406166
2023,10,British Grand Prix,NOR,97.82425
2023,10,British Grand Prix,PIA,106.177473
2023,10,British Grand Prix,LEC,103.915888
2023,10,British Grand Prix,SAI,103.4
2023,10,British Grand Prix,RUS,102.029941
2023,10,British Grand Prix,HAM,103.747333
2023,10,British Grand Prix,ALB,102.360222
2023,10,British Grand Prix,ALO,99.854875
2023,10,British Grand Prix,GAS,103.056705
2023,10,British Grand Prix,HUL,104.562083
2023,10,British Grand Prix,STR,102.348846
2023,10,British Grand Prix,OCO,103.882076
2023,10,British Grand Prix,SAR,107.831857
2023,10,British Grand Prix,BOT,99.444714
2023,10,British Grand Prix,PER,106.629625
2023,10,British Grand Prix,TSU,109.970375
2023,10,British Grand Prix,ZHO,103.62875
2023,10,British Grand Prix,DEV,109.297
2023,10,British Grand Prix,MAG,113.9672
2023,11,Hungarian Grand Prix,HAM,95.407642
2023,11,Hungarian Grand Prix,VER,91.221733
2023,11,Hungarian Grand Prix,NOR,93.515866
2023,11,Hungarian Grand Prix,PIA,91.742416
2023,11,Hungarian Grand Prix,ZHO,91.3518
2023,11,Hungarian Grand Prix,LEC,94.029357
2023,11,Hungarian Grand Prix,BOT,93.216076
2023,11,Hungarian Grand Prix,ALO,92.581076
2023,11,Hungarian Grand Prix,PER,96.824812
2023,11,Hungarian Grand Prix,HUL,89.904615
2023,11,Hungarian Grand Prix,SAI,97.556181
2023,11,Hungarian Grand Prix,OCO,93.054727
2023,11,Hungarian Grand Prix,RIC,92.7991
2023,11,Hungarian Grand Prix,STR,95.47823
2023,11,Hungarian Grand Prix,GAS,90.317363
2023,11,Hungarian Grand Prix,ALB,95.227
2023,11,Hungarian Grand Prix,TSU,89.586333
2023,11,Hungarian Grand Prix,RUS,97.908428
2023,11,Hungarian Grand Prix,MAG,95.4995
2023,11,Hungarian Grand Prix,SAR,93.947166
2023,12,Belgian Grand Prix,VER,124.7666
2023,12,Belgian Grand Prix,LEC,123.574285
2023,12,Belgian Grand Prix,PER,123.129071
2023,12,Belgian Grand Prix,HAM,122.0782
2023,12,Belgian Grand Prix,SAI,127.511117
2023,12,Belgian Grand Prix,PIA,122.806857
2023,12,Belgian Grand Prix,NOR,124.1066
2023,12,Belgian Grand Prix,RUS,123.09525
2023,12,Belgian Grand Prix,ALO,127.181066
2023,12,Belgian Grand Prix,STR,127.793571
2023,12,Belgian Grand Prix,TSU,132.7276
2023,12,Belgian Grand Prix,GAS,127.945416
2023,12,Belgian Grand Prix,MAG,131.839
2023,12,Belgian Grand Prix,BOT,129.118416
2023,12,Belgian Grand Prix,OCO,131.383625
2023,12,Belgian Grand Prix,ALB,131.122333
2023,12,Belgian Grand Prix,ZHO,137.1645
2023,12,Belgian Grand Prix,SAR,128.292
2023,12,Belgian Grand Prix,RIC,130.6812
2023,12,Belgian Grand Prix,HUL,125.290666
2023,13,Dutch Grand Prix,VER,90.320166
2023,13,Dutch Grand Prix,NOR,88.675708
2023,13,Dutch Grand Prix,RUS,90.10068
2023,13,Dutch Grand Prix,ALB,91.643086
2023,13,Dutch Grand Prix,ALO,92.097454
2023,13,Dutch Grand Prix,SAI,90.061416
2023,13,Dutch Grand Prix,PER,87.74408
2023,13,Dutch Grand Prix,PIA,92.361782
2023,13,Dutch Grand Prix,LEC,92.66838
2023,13,Dutch Grand Prix,SAR,94.264913
2023,13,Dutch Grand Prix,STR,91.8985
2023,13,Dutch Grand Prix,GAS,95.716631
2023,13,Dutch Grand Prix,HAM,90.722238
2023,13,Dutch Grand Prix,TSU,97.36795
2023,13,Dutch Grand Prix,HUL,88.273375
2023,13,Dutch Grand Prix,ZHO,94.591545
2023,13,Dutch Grand Prix,OCO,91.152363
2023,13,Dutch Grand Prix,MAG,99.902
2023,13,Dutch Grand Prix,BOT,96.184363
2023,13,Dutch Grand Prix,LAW,96.327636
2023,14,Italian Grand Prix,SAI,104.1098
2023,14,Italian Grand Prix,VER,99.6704
2023,14,Italian Grand Prix,LEC,98.257133
2023,14,Italian Grand Prix,RUS,97.728785
2023,14,Italian Grand Prix,PER,94.572285
2023,14,Italian Grand Prix,ALB,94.130214
2023,14,Italian Grand Prix,PIA,93.998823
2023,14,Italian Grand Prix,HAM,94.238307
2023,14,Italian Grand Prix,NOR,92.19875
2023,14,Italian Grand Prix,ALO,96.71925
2023,14,Italian Grand Prix,TSU,94.0374
2023,14,Italian Grand Prix,LAW,95.5611
2023,14,Italian Grand Prix,HUL,91.59308300000001
2023,14,Italian Grand Prix,BOT,94.7024
2023,14,Italian Grand Prix,SAR,95.376454
2023,14,Italian Grand Prix,ZHO,96.7635
2023,14,Italian Grand Prix,GAS,95.2152
2023,14,Italian Grand Prix,OCO,94.699333
2023,14,Italian Grand Prix,MAG,94.062333
2023,14,Italian Grand Prix,STR,94.285
2023,15,Singapore Grand Prix,SAI,107.170833
2023,15,Singapore Grand Prix,RUS,112.028777
2023,15,Singapore Grand Prix,LEC,110.536153
2023,15,Singapore Grand Prix,NOR,113.00775
2023,15,Singapore Grand Prix,HAM,107.758375
2023,15,Singapore Grand Prix,MAG,111.779692
2023,15,Singapore Grand Prix,ALO,105.859555
2023,15,Singapore Grand Prix,OCO,109.879454
2023,15,Singapore Grand Prix,HUL,109.821285
2023,15,Singapore Grand Prix,LAW,108.878833
2023,15,Singapore Grand Prix,VER,107.887222
2023,15,Singapore Grand Prix,GAS,118.662375
2023,15,Singapore Grand Prix,PER,125.975375
2023,15,Singapore Grand Prix,ALB,111.56825
2023,15,Singapore Grand Prix,TSU,116.5588
2023,15,Singapore Grand Prix,BOT,123.687428
2023,15,Singapore Grand Prix,PIA,117.524666
2023,15,Singapore Grand Prix,SAR,109.798
2023,15,Singapore Grand Prix,ZHO,118.588428
2023,15,Singapore Grand Prix,STR,110.936
2023,16,Japanese Grand Prix,VER,99.463714
2023,16,Japanese Grand Prix,PIA,103.645625
2023,16,Japanese Grand Prix,NOR,100.854285
2023,16,Japanese Grand Prix,LEC,105.29825
2023,16,Japanese Grand Prix,PER,103.915545
2023,16,Japanese Grand Prix,SAI,105.935125
2023,16,Japanese Grand Prix,HAM,100.445181
2023,16,Japanese Grand Prix,RUS,104.978555
2023,16,Japanese Grand Prix,TSU,104.117272
2023,16,Japanese Grand Prix,ALO,104.120222
2023,16,Japanese Grand Prix,LAW,103.3821
2023,16,Japanese Grand Prix,GAS,104.676428
2023,16,Japanese Grand Prix,ALB,101.403714
2023,16,Japanese Grand Prix,OCO,103.803285
2023,16,Japanese Grand Prix,MAG,100.1832
2023,16,Japanese Grand Prix,BOT,106.5515
2023,16,Japanese Grand Prix,STR,104.31475
2023,16,Japanese Grand Prix,HUL,100.149
2023,16,Japanese Grand Prix,ZHO,103.062333
2023,17,Qatar Grand Prix,VER,99.07725
2023,17,Qatar Grand Prix,RUS,104.2776
2023,17,Qatar Grand Prix,HAM,100.763307
2023,17,Qatar Grand Prix,ALO,102.204142
2023,17,Qatar Grand Prix,LEC,99.6012
2023,17,Qatar Grand Prix,PIA,98.5155
2023,17,Qatar Grand Prix,GAS,99.02
2023,17,Qatar Grand Prix,OCO,99.324294
2023,17,Qatar Grand Prix,BOT,99.498153
2023,17,Qatar Grand Prix,NOR,100.889866
2023,17,Qatar Grand Prix,TSU,103.111583
2023,17,Qatar Grand Prix,SAI,103.498266
2023,17,Qatar Grand Prix,PER,100.885666
2023,17,Qatar Grand Prix,ALB,98.906181
2023,17,Qatar Grand Prix,HUL,98.496625
2023,17,Qatar Grand Prix,SAR,101.4225
2023,17,Qatar Grand Prix,STR,100.458125
2023,17,Qatar Grand Prix,LAW,102.494375
2023,17,Qatar Grand Prix,MAG,97.089166
2023,17,Qatar Grand Prix,ZHO,99.7785
2023,18,United States Grand Prix,LEC,110.913866
2023,18,United States Grand Prix,NOR,110.703142
2023,18,United States Grand Prix,HAM,107.218166
2023,18,United States Grand Prix,SAI,110.886
2023,18,United States Grand Prix,RUS,110.054363
2023,18,United States Grand Prix,VER,105.22325
2023,18,United States Grand Prix,GAS,107.432545
2023,18,United States Grand Prix,OCO,108.134
2023,18,United States Grand Prix,PER,109.7088
2023,18,United States Grand Prix,PIA,110.498
2023,18,United States Grand Prix,TSU,108.133125
2023,18,United States Grand Prix,ZHO,112.334
2023,18,United States Grand Prix,BOT,112.756
2023,18,United States Grand Prix,MAG,107.076375
2023,18,United States Grand Prix,RIC,107.993875
2023,18,United States Grand Prix,HUL,106.18425
2023,18,United States Grand Prix,ALO,113.688166
2023,18,United States Grand Prix,ALB,108.3495
2023,18,United States Grand Prix,STR,108.402833
2023,18,United States Grand Prix,SAR,105.1434
2023,19,Mexico City Grand Prix,LEC,89.743636
2023,19,Mexico City Grand Prix,SAI,91.005363
2023,19,Mexico City Grand Prix,VER,89.0732
2023,19,Mexico City Grand Prix,RIC,89.599
2023,19,Mexico City Grand Prix,PER,89.679222
2023,19,Mexico City Grand Prix,HAM,91.544454
2023,19,Mexico City Grand Prix,PIA,90.196416
2023,19,Mexico City Grand Prix,RUS,91.31725
2023,19,Mexico City Grand Prix,BOT,91.447363
2023,19,Mexico City Grand Prix,ZHO,92.2186
2023,19,Mexico City Grand Prix,GAS,89.8702
2023,19,Mexico City Grand Prix,HUL,87.10725
2023,19,Mexico City Grand Prix,ALO,98.7388
2023,19,Mexico City Grand Prix,ALB,88.2195
2023,19,Mexico City Grand Prix,TSU,93.313714
2023,19,Mexico City Grand Prix,OCO,91.38475
2023,19,Mexico City Grand Prix,MAG,90.100833
2023,19,Mexico City Grand Prix,STR,89.588333
2023,19,Mexico City Grand Prix,NOR,94.91725
2023,19,Mexico City Grand Prix,SAR,90.596
2023,20,São Paulo Grand Prix,VER,80.321166
2023,20,São Paulo Grand Prix,LEC,85.702714
2023,20,São Paulo Grand Prix,STR,81.3615
2023,20,São Paulo Grand Prix,ALO,85.287666
2023,20,São Paulo Grand Prix,HAM,87.086312
2023,20,São Paulo Grand Prix,RUS,88.436
2023,20,São Paulo Grand Prix,NOR,82.975
2023,20,São Paulo Grand Prix,SAI,89.776866
2023,20,São Paulo Grand Prix,PER,83.036727
2023,20,São Paulo Grand Prix,PIA,88.413666
2023,20,São Paulo Grand Prix,HUL,81.5522
2023,20,São Paulo Grand Prix,OCO,82.3116
2023,20,São Paulo Grand Prix,GAS,83.685111
2023,20,São Paulo Grand Prix,MAG,81.4411
2023,20,São Paulo Grand Prix,ALB,86.12209
2023,20,São Paulo Grand Prix,TSU,80.737833
2023,20,São Paulo Grand Prix,RIC,83.11325
2023,20,São Paulo Grand Prix,BOT,85.342428
2023,20,São Paulo Grand Prix,SAR,87.981714
2023,20,São Paulo Grand Prix,ZHO,85.85
2023,21,Las Vegas Grand Prix,LEC,111.732789
2023,21,Las Vegas Grand Prix,SAI,111.272722
2023,21,Las Vegas Grand Prix,VER,113.4696
2023,21,Las Vegas Grand Prix,RUS,112.585444
2023,21,Las Vegas Grand Prix,GAS,106.146
2023,21,Las Vegas Grand Prix,ALB,109.919733
2023,21,Las Vegas Grand Prix,SAR,106.378437
2023,21,Las Vegas Grand Prix,BOT,111.131642
2023,21,Las Vegas Grand Prix,MAG,106.012687
2023,21,Las Vegas Grand Prix,ALO,107.370777
2023,21,Las Vegas Grand Prix,HAM,111.696538
2023,21,Las Vegas Grand Prix,PER,113.133909
2023,21,Las Vegas Grand Prix,HUL,107.599461
2023,21,Las Vegas Grand Prix,STR,106.393733
2023,21,Las Vegas Grand Prix,RIC,108.948
2023,21,Las Vegas Grand Prix,NOR,109.927375
2023,21,Las Vegas Grand Prix,OCO,106.889125
2023,21,Las Vegas Grand Prix,ZHO,110.515125
2023,21,Las Vegas Grand Prix,PIA,110.855888
2023,21,Las Vegas Grand Prix,TSU,113.680142
2023,22,Abu Dhabi Grand Prix,VER,97.002
2023,22,Abu Dhabi Grand Prix,LEC,96.173583
2023,22,Abu Dhabi Grand Prix,PIA,96.655727
2023,22,Abu Dhabi Grand Prix,RUS,99.498666
2023,22,Abu Dhabi Grand Prix,NOR,97.3945
2023,22,Abu Dhabi Grand Prix,TSU,96.722416
2023,22,Abu Dhabi Grand Prix,ALO,98.00325
2023,22,Abu Dhabi Grand Prix,HUL,94.453916
2023,22,Abu Dhabi Grand Prix,PER,97.910636
2023,22,Abu Dhabi Grand Prix,GAS,95.70209
2023,22,Abu Dhabi Grand Prix,HAM,96.82925
2023,22,Abu Dhabi Grand Prix,OCO,97.801125
2023,22,Abu Dhabi Grand Prix,STR,97.876
2023,22,Abu Dhabi Grand Prix,ALB,96.554375
2023,22,Abu Dhabi Grand Prix,RIC,98.179125
2023,22,Abu Dhabi Grand Prix,SAI,98.47725
2023,22,Abu Dhabi Grand Prix,MAG,93.41875
2023,22,Abu Dhabi Grand Prix,BOT,97.6675
2023,22,Abu Dhabi Grand Prix,ZHO,97.89675
2023,22,Abu Dhabi Grand Prix,SAR,97.58175
2024,1,Bahrain Grand Prix,VER,102.439454
2024,1,Bahrain Grand Prix,LEC,101.9155
2024,1,Bahrain Grand Prix,RUS,108.45409
2024,1,Bahrain Grand Prix,SAI,100.434363
2024,1,Bahrain Grand Prix,PER,103.3645
2024,1,Bahrain Grand Prix,ALO,107.380777
2024,1,Bahrain Grand Prix,NOR,101.4615
2024,1,Bahrain Grand Prix,PIA,101.27109
2024,1,Bahrain Grand Prix,HAM,100.352818
2024,1,Bahrain Grand Prix,HUL,99.931545
2024,1,Bahrain Grand Prix,TSU,100.862875
2024,1,Bahrain Grand Prix,STR,102.52675
2024,1,Bahrain Grand Prix,ALB,104.6405
2024,1,Bahrain Grand Prix,RIC,101.469375
2024,1,Bahrain Grand Prix,MAG,100.719625
2024,1,Bahrain Grand Prix,BOT,105.14725
2024,1,Bahrain Grand Prix,ZHO,102.071
2024,1,Bahrain Grand Prix,SAR,104.09
2024,1,Bahrain Grand Prix,OCO,104.579833
2024,1,Bahrain Grand Prix,GAS,102.7355
2024,2,Saudi Arabian Grand Prix,VER,101.463583
2024,2,Saudi Arabian Grand Prix,LEC,103.623375
2024,2,Saudi Arabian Grand Prix,PER,104.47575
2024,2,Saudi Arabian Grand Prix,ALO,104.745833
2024,2,Saudi Arabian Grand Prix,PIA,100.349933
2024,2,Saudi Arabian Grand Prix,NOR,102.722333
2024,2,Saudi Arabian Grand Prix,RUS,106.061
2024,2,Saudi Arabian Grand Prix,HAM,102.020562
2024,2,Saudi Arabian Grand Prix,TSU,99.536818
2024,2,Saudi Arabian Grand Prix,STR,103.521615
2024,2,Saudi Arabian Grand Prix,BEA,105.032583
2024,2,Saudi Arabian Grand Prix,ALB,107.670909
2024,2,Saudi Arabian Grand Prix,MAG,104.463818
2024,2,Saudi Arabian Grand Prix,RIC,99.074875
2024,2,Saudi Arabian Grand Prix,HUL,100.901833
2024,2,Saudi Arabian Grand Prix,BOT,103.237857
2024,2,Saudi Arabian Grand Prix,OCO,103.844875
2024,2,Saudi Arabian Grand Prix,GAS,100.650571
2024,2,Saudi Arabian Grand Prix,SAR,110.282285
2024,2,Saudi Arabian Grand Prix,ZHO,121.101
2024,3,Australian Grand Prix,VER,95.011
2024,3,Australian Grand Prix,SAI,91.892615
2024,3,Australian Grand Prix,PER,95.111812
2024,3,Australian Grand Prix,NOR,92.61123
2024,3,Australian Grand Prix,LEC,99.928533
2024,3,Australian Grand Prix,PIA,95.0465
2024,3,Australian Grand Prix,RUS,96.648555
2024,3,Australian Grand Prix,TSU,96.027
2024,3,Australian Grand Prix,STR,91.660333
2024,3,Australian Grand Prix,ALO,91.464625
2024,3,Australian Grand Prix,HAM,94.117
2024,3,Australian Grand Prix,ALB,91.0515
2024,3,Australian Grand Prix,BOT,92.723818
2024,3,Australian Grand Prix,MAG,91.414777
2024,3,Australian Grand Prix,OCO,94.613647
2024,3,Australian Grand Prix,HUL,85.947
2024,3,Australian Grand Prix,GAS,90.281375
2024,3,Australian Grand Prix,RIC,94.263
2024,3,Australian Grand Prix,ZHO,95.729428
2024,4,Japanese Grand Prix,VER,102.594375
2024,4,Japanese Grand Prix,PER,105.59875
2024,4,Japanese Grand Prix,NOR,102.87075
2024,4,Japanese Grand Prix,SAI,104.318
2024,4,Japanese Grand Prix,ALO,107.139375
2024,4,Japanese Grand Prix,PIA,103.85425
2024,4,Japanese Grand Prix,HAM,102.2174
2024,4,Japanese Grand Prix,LEC,104.284125
2024,4,Japanese Grand Prix,RUS,106.5101
2024,4,Japanese Grand Prix,TSU,101.248416
2024,4,Japanese Grand Prix,RIC,102.333875
2024,4,Japanese Grand Prix,HUL,99.94
2024,4,Japanese Grand Prix,BOT,102.600875
2024,4,Japanese Grand Prix,ALB,107.716666
2024,4,Japanese Grand Prix,OCO,104.544125
2024,4,Japanese Grand Prix,STR,103.20875
2024,4,Japanese Grand Prix,GAS,103.98175
2024,4,Japanese Grand Prix,MAG,97.814666
2024,4,Japanese Grand Prix,SAR,100.80975
2024,4,Japanese Grand Prix,ZHO,103.10425
2024,5,Chinese Grand Prix,VER,109.208727
2024,5,Chinese Grand Prix,PER,107.712545
2024,5,Chinese Grand Prix,ALO,112.005666
2024,5,Chinese Grand Prix,NOR,104.825875
2024,5,Chinese Grand Prix,PIA,104.758375
2024,5,Chinese Grand Prix,LEC,105.820833
2024,5,Chinese Grand Prix,SAI,109.2601
2024,5,Chinese Grand Prix,RUS,112.216916
2024,5,Chinese Grand Prix,HUL,107.4135
2024,5,Chinese Grand Prix,BOT,106.23275
2024,5,Chinese Grand Prix,STR,109.617714
2024,5,Chinese Grand Prix,RIC,109.995
2024,5,Chinese Grand Prix,OCO,106.535666
2024,5,Chinese Grand Prix,ALB,108.90325
2024,5,Chinese Grand Prix,GAS,109.140666
2024,5,Chinese Grand Prix,ZHO,108.4882
2024,5,Chinese Grand Prix,MAG,113.83275
2024,5,Chinese Grand Prix,HAM,112.33575
2024,5,Chinese Grand Prix,TSU,108.191166
2024,5,Chinese Grand Prix,SAR,119.143
2024,6,Miami Grand Prix,VER,96.5404
2024,6,Miami Grand Prix,LEC,103.185428
2024,6,Miami Grand Prix,SAI,99.732333
2024,6,Miami Grand Prix,PER,100.967818
2024,6,Miami Grand Prix,NOR,101.322642
2024,6,Miami Grand Prix,PIA,106.415
2024,6,Miami Grand Prix,RUS,101.024076
2024,6,Miami Grand Prix,HAM,102.153384
2024,6,Miami Grand Prix,HUL,103.932
2024,6,Miami Grand Prix,TSU,104.492357
2024,6,Miami Grand Prix,STR,103.4905
2024,6,Miami Grand Prix,GAS,100.352888
2024,6,Miami Grand Prix,OCO,105.96
2024,6,Miami Grand Prix,ALB,103.1687
2024,6,Miami Grand Prix,ALO,106.209909
2024,6,Miami Grand Prix,BOT,98.001333
2024,6,Miami Grand Prix,SAR,102.1366
2024,6,Miami Grand Prix,RIC,101.958
2024,6,Miami Grand Prix,MAG,105.271166
2024,6,Miami Grand Prix,ZHO,99.900666
2024,7,Emilia Romagna Grand Prix,VER,86.196545
2024,7,Emilia Romagna Grand Prix,PIA,87.15775
2024,7,Emilia Romagna Grand Prix,NOR,89.919416
2024,7,Emilia Romagna Grand Prix,LEC,89.238928
2024,7,Emilia Romagna Grand Prix,SAI,91.83123
2024,7,Emilia Romagna Grand Prix,RUS,88.444
2024,7,Emilia Romagna Grand Prix,TSU,86.387888
2024,7,Emilia Romagna Grand Prix,HAM,88.463
2024,7,Emilia Romagna Grand Prix,RIC,87.859111
2024,7,Emilia Romagna Grand Prix,HUL,86.141384
2024,7,Emilia Romagna Grand Prix,PER,92.496833
2024,7,Emilia Romagna Grand Prix,OCO,89.98
2024,7,Emilia Romagna Grand Prix,STR,94.468909
2024,7,Emilia Romagna Grand Prix,ALB,88.40025
2024,7,Emilia Romagna Grand Prix,GAS,88.752777
2024,7,Emilia Romagna Grand Prix,BOT,90.20125
2024,7,Emilia Romagna Grand Prix,ZHO,100.425571
2024,7,Emilia Romagna Grand Prix,MAG,92.9206
2024,7,Emilia Romagna Grand Prix,ALO,106.9465
2024,7,Emilia Romagna Grand Prix,SAR,90.2844
2024,8,Monaco Grand Prix,LEC,85.258761
2024,8,Monaco Grand Prix,PIA,85.396444
2024,8,Monaco Grand Prix,SAI,88.41759
2024,8,Monaco Grand Prix,NOR,85.939454
2024,8,Monaco Grand Prix,RUS,89.435458
2024,8,Monaco Grand Prix,VER,86.622478
2024,8,Monaco Grand Prix,HAM,87.085541
2024,8,Monaco Grand Prix,TSU,85.92221
2024,8,Monaco Grand Prix,ALB,87.10068
2024,8,Monaco Grand Prix,GAS,85.561541
2024,8,Monaco Grand Prix,OCO,87.4545
2024,8,Monaco Grand Prix,RIC,88.310176
2024,8,Monaco Grand Prix,STR,87.593846
2024,8,Monaco Grand Prix,HUL,84.589812
2024,8,Monaco Grand Prix,ALO,85.249
2024,8,Monaco Grand Prix,SAR,86.8529
2024,8,Monaco Grand Prix,MAG,88.19
2024,8,Monaco Grand Prix,PER,88.6021
2024,8,Monaco Grand Prix,BOT,91.619666
2024,8,Monaco Grand Prix,ZHO,89.128666
2024,9,Canadian Grand Prix,RUS,87.270666
2024,9,Canadian Grand Prix,VER,90.646363
2024,9,Canadian Grand Prix,NOR,85.313
2024,9,Canadian Grand Prix,PIA,88.464041
2024,9,Canadian Grand Prix,RIC,87.104578
2024,9,Canadian Grand Prix,ALO,88.47947
2024,9,Canadian Grand Prix,HAM,85.35245
2024,9,Canadian Grand Prix,TSU,86.895444
2024,9,Canadian Grand Prix,STR,87.412
2024,9,Canadian Grand Prix,ALB,86.7505
2024,9,Canadian Grand Prix,LEC,89.381157
2024,9,Canadian Grand Prix,SAI,88.42205
2024,9,Canadian Grand Prix,SAR,89.648526
2024,9,Canadian Grand Prix,MAG,87.924583
2024,9,Canadian Grand Prix,GAS,85.801615
2024,9,Canadian Grand Prix,PER,92.783444
2024,9,Canadian Grand Prix,BOT,90.3605
2024,9,Canadian Grand Prix,OCO,86.538625
2024,9,Canadian Grand Prix,HUL,88.021625
2024,9,Canadian Grand Prix,ZHO,84.634375
2024,10,Spanish Grand Prix,NOR,90.7435
2024,10,Spanish Grand Prix,VER,83.377571
2024,10,Spanish Grand Prix,HAM,82.828909
2024,10,Spanish Grand Prix,RUS,83.903555
2024,10,Spanish Grand Prix,LEC,81.089857
2024,10,Spanish Grand Prix,SAI,84.475714
2024,10,Spanish Grand Prix,GAS,85.603818
2024,10,Spanish Grand Prix,PER,91.131454
2024,10,Spanish Grand Prix,OCO,88.392272
2024,10,Spanish Grand Prix,PIA,87.471
2024,10,Spanish Grand Prix,ALO,93.390625
2024,10,Spanish Grand Prix,BOT,92.96475
2024,10,Spanish Grand Prix,HUL,89.196875
2024,10,Spanish Grand Prix,STR,90.4404
2024,10,Spanish Grand Prix,ZHO,90.1964
2024,10,Spanish Grand Prix,MAG,89.028
2024,10,Spanish Grand Prix,TSU,92.617166
2024,10,Spanish Grand Prix,RIC,91.788
2024,10,Spanish Grand Prix,ALB,87.0795
2024,10,Spanish Grand Prix,SAR,90.914166
2024,11,Austrian Grand Prix,VER,77.179333
2024,11,Austrian Grand Prix,NOR,81.138714
2024,11,Austrian Grand Prix,RUS,79.696363
2024,11,Austrian Grand Prix,SAI,77.902727
2024,11,Austrian Grand Prix,HAM,78.196454
2024,11,Austrian Grand Prix,LEC,74.838769
2024,11,Austrian Grand Prix,PIA,76.9112
2024,11,Austrian Grand Prix,PER,78.724
2024,11,Austrian Grand Prix,HUL,73.928
2024,11,Austrian Grand Prix,OCO,78.6648
2024,11,Austrian Grand Prix,RIC,75.250222
2024,11,Austrian Grand Prix,MAG,75.7252
2024,11,Austrian Grand Prix,GAS,77.857363
2024,11,Austrian Grand Prix,TSU,78.7981
2024,11,Austrian Grand Prix,ALO,76.978
2024,11,Austrian Grand Prix,ALB,81.284
2024,11,Austrian Grand Prix,STR,82.188
2024,11,Austrian Grand Prix,BOT,80.460833
2024,11,Austrian Grand Prix,SAR,76.302166
2024,11,Austrian Grand Prix,ZHO,76.939666
2024,12,British Grand Prix,RUS,98.492277
2024,12,British Grand Prix,HAM,97.752529
2024,12,British Grand Prix,NOR,102.134428
2024,12,British Grand Prix,VER,99.217294
2024,12,British Grand Prix,PIA,101.952647
2024,12,British Grand Prix,HUL,95.946272
2024,12,British Grand Prix,SAI,98.216187
2024,12,British Grand Prix,STR,100.750941
2024,12,British Grand Prix,ALB,101.510933
2024,12,British Grand Prix,ALO,102.077875
2024,12,British Grand Prix,LEC,101.341923
2024,12,British Grand Prix,SAR,105.773312
2024,12,British Grand Prix,TSU,99.084833
2024,12,British Grand Prix,ZHO,103.960235
2024,12,British Grand Prix,RIC,101.247846
2024,12,British Grand Prix,BOT,103.690857
2024,12,British Grand Prix,MAG,104.139333
2024,12,British Grand Prix,OCO,103.418625
2024,12,British Grand Prix,PER,108.355333
2024,12,British Grand Prix,GAS,110.5938
2024,13,Hungarian Grand Prix,NOR,87.209769
2024,13,Hungarian Grand Prix,PIA,87.696416
2024,13,Hungarian Grand Prix,VER,88.490538
2024,13,Hungarian Grand Prix,SAI,93.101352
2024,13,Hungarian Grand Prix,HAM,86.589133
2024,13,Hungarian Grand Prix,LEC,88.426461
2024,13,Hungarian Grand Prix,ALO,90.30909
2024,13,Hungarian Grand Prix,STR,94.328384
2024,13,Hungarian Grand Prix,RIC,88.730083
2024,13,Hungarian Grand Prix,TSU,89.559153
2024,13,Hungarian Grand Prix,HUL,88.3328
2024,13,Hungarian Grand Prix,BOT,91.604846
2024,13,Hungarian Grand Prix,ALB,90.651916
2024,13,Hungarian Grand Prix,SAR,89.340625
2024,13,Hungarian Grand Prix,MAG,88.6516
2024,13,Hungarian Grand Prix,PER,95.229
2024,13,Hungarian Grand Prix,RUS,89.377285
2024,13,Hungarian Grand Prix,ZHO,92.9093
2024,13,Hungarian Grand Prix,OCO,98.181
2024,13,Hungarian Grand Prix,GAS,101.241
2024,14,Belgian Grand Prix,VER,122.314166
2024,14,Belgian Grand Prix,LEC,124.309692
2024,14,Belgian Grand Prix,PER,130.56375
2024,14,Belgian Grand Prix,HAM,123.8225
2024,14,Belgian Grand Prix,NOR,126.415529
2024,14,Belgian Grand Prix,PIA,125.593266
2024,14,Belgian Grand Prix,RUS,124.954285
2024,14,Belgian Grand Prix,SAI,127.138437
2024,14,Belgian Grand Prix,ALO,127.308928
2024,14,Belgian Grand Prix,OCO,125.21225
2024,14,Belgian Grand Prix,ALB,124.1147
2024,14,Belgian Grand Prix,GAS,127.813153
2024,14,Belgian Grand Prix,RIC,130.6998
2024,14,Belgian Grand Prix,BOT,130.358333
2024,14,Belgian Grand Prix,STR,128.5575
2024,14,Belgian Grand Prix,HUL,132.715142
2024,14,Belgian Grand Prix,MAG,123.0508
2024,14,Belgian Grand Prix,TSU,124.52975
2024,14,Belgian Grand Prix,SAR,122.221
2024,14,Belgian Grand Prix,ZHO,128.252857
2024,15,Dutch Grand Prix,NOR,83.480444
2024,15,Dutch Grand Prix,VER,81.50925
2024,15,Dutch Grand Prix,PIA,84.8915
2024,15,Dutch Grand Prix,RUS,87.3545
2024,15,Dutch Grand Prix,PER,88.110363
2024,15,Dutch Grand Prix,LEC,89.429294
2024,15,Dutch Grand Prix,ALO,84.102181
2024,15,Dutch Grand Prix,STR,87.465571
2024,15,Dutch Grand Prix,GAS,84.3615
2024,15,Dutch Grand Prix,SAI,90.550153
2024,15,Dutch Grand Prix,ALB,85.022333
2024,15,Dutch Grand Prix,HAM,90.740666
2024,15,Dutch Grand Prix,TSU,84.808272
2024,15,Dutch Grand Prix,HUL,81.656
2024,15,Dutch Grand Prix,MAG,86.3979
2024,15,Dutch Grand Prix,RIC,86.853571
2024,15,Dutch Grand Prix,OCO,84.4335
2024,15,Dutch Grand Prix,BOT,84.362
2024,15,Dutch Grand Prix,ZHO,85.222166
2024,16,Italian Grand Prix,NOR,92.280142
2024,16,Italian Grand Prix,PIA,95.166166
2024,16,Italian Grand Prix,RUS,93.570636
2024,16,Italian Grand Prix,LEC,95.171928
2024,16,Italian Grand Prix,SAI,95.972333
2024,16,Italian Grand Prix,HAM,95.354636
2024,16,Italian Grand Prix,VER,94.046818
2024,16,Italian Grand Prix,PER,95.9586
2024,16,Italian Grand Prix,ALB,92.236818
2024,16,Italian Grand Prix,HUL,91.800818
2024,16,Italian Grand Prix,ALO,94.678714
2024,16,Italian Grand Prix,RIC,95.425
2024,16,Italian Grand Prix,MAG,98.197571
2024,16,Italian Grand Prix,GAS,97.960454
2024,16,Italian Grand Prix,OCO,96.795727
2024,16,Italian Grand Prix,TSU,96.71175
2024,16,Italian Grand Prix,STR,96.08025
2024,16,Italian Grand Prix,COL,95.6475
2024,16,Italian Grand Prix,BOT,96.462
2024,16,Italian Grand Prix,ZHO,92.048833
2024,17,Azerbaijan Grand Prix,LEC,118.385714
2024,17,Azerbaijan Grand Prix,PIA,119.036083
2024,17,Azerbaijan Grand Prix,SAI,122.465875
2024,17,Azerbaijan Grand Prix,PER,117.0993
2024,17,Azerbaijan Grand Prix,RUS,120.759642
2024,17,Azerbaijan Grand Prix,VER,113.585076
2024,17,Azerbaijan Grand Prix,HAM,120.236625
2024,17,Azerbaijan Grand Prix,ALO,117.707083
2024,17,Azerbaijan Grand Prix,COL,114.944923
2024,17,Azerbaijan Grand Prix,ALB,117.25225
2024,17,Azerbaijan Grand Prix,BEA,116.1192
2024,17,Azerbaijan Grand Prix,TSU,121.302166
2024,17,Azerbaijan Grand Prix,HUL,118.0615
2024,17,Azerbaijan Grand Prix,STR,119.3506
2024,17,Azerbaijan Grand Prix,RIC,119.925857
2024,17,Azerbaijan Grand Prix,GAS,117.6002
2024,17,Azerbaijan Grand Prix,NOR,119.442
2024,17,Azerbaijan Grand Prix,BOT,122.7522
2024,17,Azerbaijan Grand Prix,ZHO,122.20825
2024,17,Azerbaijan Grand Prix,OCO,121.8132
2024,18,Singapore Grand Prix,NOR,103.373142
2024,18,Singapore Grand Prix,VER,107.7661
2024,18,Singapore Grand Prix,HAM,102.355285
2024,18,Singapore Grand Prix,RUS,102.589571
2024,18,Singapore Grand Prix,PIA,108.3926
2024,18,Singapore Grand Prix,HUL,104.0359
2024,18,Singapore Grand Prix,ALO,106.957888
2024,18,Singapore Grand Prix,TSU,107.885444
2024,18,Singapore Grand Prix,LEC,107.426727
2024,18,Singapore Grand Prix,SAI,108.225666
2024,18,Singapore Grand Prix,ALB,106.132857
2024,18,Singapore Grand Prix,COL,114.95575
2024,18,Singapore Grand Prix,PER,107.624
2024,18,Singapore Grand Prix,MAG,106.717625
2024,18,Singapore Grand Prix,OCO,107.435
2024,18,Singapore Grand Prix,RIC,107.427666
2024,18,Singapore Grand Prix,STR,115.66075
2024,18,Singapore Grand Prix,GAS,111.239166
2024,18,Singapore Grand Prix,BOT,107.458833
2024,18,Singapore Grand Prix,ZHO,115.074
2024,19,United States Grand Prix,NOR,109.019818
2024,19,United States Grand Prix,VER,105.33509
2024,19,United States Grand Prix,SAI,111.278846
2024,19,United States Grand Prix,LEC,109.609714
2024,19,United States Grand Prix,PIA,110.500538
2024,19,United States Grand Prix,RUS,109.74225
2024,19,United States Grand Prix,GAS,107.496307
2024,19,United States Grand Prix,ALO,105.478916
2024,19,United States Grand Prix,MAG,103.945727
2024,19,United States Grand Prix,PER,107.7674
2024,19,United States Grand Prix,TSU,105.414444
2024,19,United States Grand Prix,HUL,108.067625
2024,19,United States Grand Prix,OCO,105.7462
2024,19,United States Grand Prix,STR,105.239333
2024,19,United States Grand Prix,LAW,105.6782
2024,19,United States Grand Prix,ALB,110.838
2024,19,United States Grand Prix,COL,116.378666
2024,19,United States Grand Prix,BOT,107.384333
2024,19,United States Grand Prix,HAM,112.65025
2024,19,United States Grand Prix,ZHO,112.867571
2024,20,Mexico City Grand Prix,SAI,91.739
2024,20,Mexico City Grand Prix,VER,88.855166
2024,20,Mexico City Grand Prix,NOR,88.2324
2024,20,Mexico City Grand Prix,LEC,90.303928
2024,20,Mexico City Grand Prix,RUS,89.1741
2024,20,Mexico City Grand Prix,HAM,88.5988
2024,20,Mexico City Grand Prix,MAG,87.7645
2024,20,Mexico City Grand Prix,GAS,88.602
2024,20,Mexico City Grand Prix,ALB,85.896454
2024,20,Mexico City Grand Prix,HUL,85.9705
2024,20,Mexico City Grand Prix,TSU,91.214166
2024,20,Mexico City Grand Prix,LAW,88.05
2024,20,Mexico City Grand Prix,ALO,94.334
2024,20,Mexico City Grand Prix,STR,91.910444
2024,20,Mexico City Grand Prix,BOT,87.741375
2024,20,Mexico City Grand Prix,COL,87.72275
2024,20,Mexico City Grand Prix,PIA,88.292833
2024,20,Mexico City Grand Prix,PER,90.570714
2024,20,Mexico City Grand Prix,OCO,90.7385
2024,20,Mexico City Grand Prix,ZHO,87.726166
2024,21,São Paulo Grand Prix,NOR,95.641904
2024,21,São Paulo Grand Prix,RUS,97.445294
2024,21,São Paulo Grand Prix,TSU,97.530222
2024,21,São Paulo Grand Prix,OCO,94.490833
2024,21,São Paulo Grand Prix,LAW,96.606722
2024,21,São Paulo Grand Prix,LEC,95.597437
2024,21,São Paulo Grand Prix,ALB,96.415823
2024,21,São Paulo Grand Prix,PIA,93.880062
2024,21,São Paulo Grand Prix,ALO,97.987583
2024,21,São Paulo Grand Prix,STR,97.67975
2024,21,São Paulo Grand Prix,BOT,98.690785
2024,21,São Paulo Grand Prix,VER,99.649416
2024,21,São Paulo Grand Prix,PER,98.197818
2024,21,São Paulo Grand Prix,SAI,96.937916
2024,21,São Paulo Grand Prix,GAS,99.9785
2024,21,São Paulo Grand Prix,HAM,97.759375
2024,21,São Paulo Grand Prix,BEA,98.017375
2024,21,São Paulo Grand Prix,COL,100.811
2024,21,São Paulo Grand Prix,HUL,96.198444
2024,21,São Paulo Grand Prix,ZHO,97.091777
2024,22,Las Vegas Grand Prix,RUS,109.223052
2024,22,Las Vegas Grand Prix,SAI,113.11815
2024,22,Las Vegas Grand Prix,GAS,110.227578
2024,22,Las Vegas Grand Prix,LEC,106.665235
2024,22,Las Vegas Grand Prix,VER,102.880437
2024,22,Las Vegas Grand Prix,NOR,104.743769
2024,22,Las Vegas Grand Prix,TSU,107.830777
2024,22,Las Vegas Grand Prix,PIA,108.112071
2024,22,Las Vegas Grand Prix,HUL,108.637818
2024,22,Las Vegas Grand Prix,HAM,110.883263
2024,22,Las Vegas Grand Prix,OCO,108.968714
2024,22,Las Vegas Grand Prix,MAG,114.531
2024,22,Las Vegas Grand Prix,ZHO,110.026846
2024,22,Las Vegas Grand Prix,COL,106.670454
2024,22,Las Vegas Grand Prix,LAW,107.779769
2024,22,Las Vegas Grand Prix,PER,109.946666
2024,22,Las Vegas Grand Prix,ALO,108.499571
2024,22,Las Vegas Grand Prix,ALB,107.69225
2024,22,Las Vegas Grand Prix,BOT,108.3335
2024,22,Las Vegas Grand Prix,STR,109.006
2024,23,Qatar Grand Prix,VER,101.885
2024,23,Qatar Grand Prix,RUS,102.044909
2024,23,Qatar Grand Prix,NOR,95.24875
2024,23,Qatar Grand Prix,PIA,101.29975
2024,23,Qatar Grand Prix,LEC,97.0919
2024,23,Qatar Grand Prix,HAM,102.15245
2024,23,Qatar Grand Prix,SAI,103.43855
2024,23,Qatar Grand Prix,ALO,95.60025
2024,23,Qatar Grand Prix,PER,98.973333
2024,23,Qatar Grand Prix,MAG,96.031263
2024,23,Qatar Grand Prix,GAS,102.1125
2024,23,Qatar Grand Prix,ZHO,99.149066
2024,23,Qatar Grand Prix,BOT,97.629071
2024,23,Qatar Grand Prix,TSU,100.781083
2024,23,Qatar Grand Prix,STR,101.5672
2024,23,Qatar Grand Prix,ALB,98.879857
2024,23,Qatar Grand Prix,LAW,95.475285
2024,23,Qatar Grand Prix,HUL,101.018625
2024,23,Qatar Grand Prix,COL,94.047714
2024,23,Qatar Grand Prix,OCO,99.854125
2024,24,Abu Dhabi Grand Prix,NOR,97.1908
2024,24,Abu Dhabi Grand Prix,PIA,99.0109
2024,24,Abu Dhabi Grand Prix,SAI,98.7393
2024,24,Abu Dhabi Grand Prix,HUL,94.936727
2024,24,Abu Dhabi Grand Prix,VER,93.741222
2024,24,Abu Dhabi Grand Prix,GAS,95.864545
2024,24,Abu Dhabi Grand Prix,RUS,96.888181
2024,24,Abu Dhabi Grand Prix,ALO,97.951166
2024,24,Abu Dhabi Grand Prix,BOT,94.746555
2024,24,Abu Dhabi Grand Prix,PER,100.281333
2024,24,Abu Dhabi Grand Prix,TSU,98.455875
2024,24,Abu Dhabi Grand Prix,LAW,97.3265
2024,24,Abu Dhabi Grand Prix,STR,98.583
2024,24,Abu Dhabi Grand Prix,LEC,95.640625
2024,24,Abu Dhabi Grand Prix,MAG,99.918571
2024,24,Abu Dhabi Grand Prix,ALB,95.8845
2024,24,Abu Dhabi Grand Prix,ZHO,99.449
2024,24,Abu Dhabi Grand Prix,HAM,102.507
2024,24,Abu Dhabi Grand Prix,COL,90.71975
2024,24,Abu Dhabi Grand Prix,DOO,98.8495
2025,1,Australian Grand Prix,NOR,101.042428
2025,1,Australian Grand Prix,PIA,96.25675
2025,1,Australian Grand Prix,VER,96.813272
2025,1,Australian Grand Prix,RUS,97.049615
2025,1,Australian Grand Prix,TSU,95.267
2025,1,Australian Grand Prix,ALB,98.031133
2025,1,Australian Grand Prix,LEC,98.068538
2025,1,Australian Grand Prix,HAM,102.192588
2025,1,Australian Grand Prix,GAS,99.409266
2025,1,Australian Grand Prix,SAI,97.916133
2025,1,Australian Grand Prix,HAD,95.982142
2025,1,Australian Grand Prix,ALO,103.468875
2025,1,Australian Grand Prix,STR,95.6548
2025,1,Australian Grand Prix,DOO,101.787545
2025,1,Australian Grand Prix,BOR,107.24
2025,1,Australian Grand Prix,ANT,96.462142
2025,1,Australian Grand Prix,HUL,102.200666
2025,1,Australian Grand Prix,LAW,108.01525
2025,1,Australian Grand Prix,OCO,98.4788
2025,2,Chinese Grand Prix,PIA,107.078285
2025,2,Chinese Grand Prix,RUS,109.756437
2025,2,Chinese Grand Prix,NOR,108.33975
2025,2,Chinese Grand Prix,VER,102.6207
2025,2,Chinese Grand Prix,HAM,106.400285
2025,2,Chinese Grand Prix,LEC,105.563
2025,2,Chinese Grand Prix,HAD,104.172
2025,2,Chinese Grand Prix,ANT,108.146333
2025,2,Chinese Grand Prix,TSU,105.601833
2025,2,Chinese Grand Prix,ALB,105.644461
2025,2,Chinese Grand Prix,OCO,107.6378
2025,2,Chinese Grand Prix,HUL,102.7019
2025,2,Chinese Grand Prix,ALO,108.657272
2025,2,Chinese Grand Prix,STR,109.100727
2025,2,Chinese Grand Prix,SAI,104.4719
2025,2,Chinese Grand Prix,GAS,105.476166
2025,2,Chinese Grand Prix,BEA,109.3686
2025,2,Chinese Grand Prix,DOO,108.6092
2025,2,Chinese Grand Prix,BOR,105.835333
2025,2,Chinese Grand Prix,LAW,104.5154
2025,3,Japanese Grand Prix,VER,101.876545
2025,3,Japanese Grand Prix,NOR,104.735909
2025,3,Japanese Grand Prix,PIA,103.59609
2025,3,Japanese Grand Prix,LEC,100.444538
2025,3,Japanese Grand Prix,RUS,100.182666
2025,3,Japanese Grand Prix,ANT,101.6684
2025,3,Japanese Grand Prix,HAD,98.3592
2025,3,Japanese Grand Prix,HAM,103.239466
2025,3,Japanese Grand Prix,ALB,101.182416
2025,3,Japanese Grand Prix,BEA,98.528461
2025,3,Japanese Grand Prix,GAS,105.392125
2025,3,Japanese Grand Prix,SAI,103.5007
2025,3,Japanese Grand Prix,ALO,103.602285
2025,3,Japanese Grand Prix,LAW,101.091
2025,3,Japanese Grand Prix,TSU,105.59
2025,3,Japanese Grand Prix,HUL,106.622714
2025,3,Japanese Grand Prix,BOR,108.997571
2025,3,Japanese Grand Prix,OCO,100.102333
2025,3,Japanese Grand Prix,DOO,101.012666
2025,3,Japanese Grand Prix,STR,115.898
2025,4,Bahrain Grand Prix,PIA,107.159888
2025,4,Bahrain Grand Prix,RUS,110.504076
2025,4,Bahrain Grand Prix,LEC,103.188
2025,4,Bahrain Grand Prix,ANT,105.833333
2025,4,Bahrain Grand Prix,GAS,104.74009
2025,4,Bahrain Grand Prix,NOR,100.9616
2025,4,Bahrain Grand Prix,VER,101.248111
2025,4,Bahrain Grand Prix,SAI,105.45709
2025,4,Bahrain Grand Prix,HAM,102.7711
2025,4,Bahrain Grand Prix,TSU,103.097555
2025,4,Bahrain Grand Prix,DOO,105.791125
2025,4,Bahrain Grand Prix,HAD,108.224571
2025,4,Bahrain Grand Prix,ALO,105.370333
2025,4,Bahrain Grand Prix,OCO,102.397
2025,4,Bahrain Grand Prix,ALB,107.506
2025,4,Bahrain Grand Prix,HUL,103.0334
2025,4,Bahrain Grand Prix,LAW,108.02975
2025,4,Bahrain Grand Prix,BOR,113.1535
2025,4,Bahrain Grand Prix,STR,111.038166
2025,4,Bahrain Grand Prix,BEA,101.49075
2025,5,Saudi Arabian Grand Prix,VER,104.86223
2025,5,Saudi Arabian Grand Prix,PIA,103.62109
2025,5,Saudi Arabian Grand Prix,RUS,107.272777
2025,5,Saudi Arabian Grand Prix,LEC,105.073363
2025,5,Saudi Arabian Grand Prix,ANT,105.0039
2025,5,Saudi Arabian Grand Prix,SAI,108.044666
2025,5,Saudi Arabian Grand Prix,HAM,103.686181
2025,5,Saudi Arabian Grand Prix,TSU,102.766555
2025,5,Saudi Arabian Grand Prix,GAS,103.714
2025,5,Saudi Arabian Grand Prix,NOR,107.131142
2025,5,Saudi Arabian Grand Prix,ALB,103.0709
2025,5,Saudi Arabian Grand Prix,LAW,103.044285
2025,5,Saudi Arabian Grand Prix,ALO,107.3423
2025,5,Saudi Arabian Grand Prix,HAD,103.94175
2025,5,Saudi Arabian Grand Prix,BEA,102.6584
2025,5,Saudi Arabian Grand Prix,STR,107.613142
2025,5,Saudi Arabian Grand Prix,DOO,106.502
2025,5,Saudi Arabian Grand Prix,HUL,104.4328
2025,5,Saudi Arabian Grand Prix,OCO,103.613333
2025,5,Saudi Arabian Grand Prix,BOR,114.243666
2025,6,Miami Grand Prix,VER,100.897333
2025,6,Miami Grand Prix,NOR,101.913533
2025,6,Miami Grand Prix,ANT,107.708214
2025,6,Miami Grand Prix,PIA,107.1488
2025,6,Miami Grand Prix,RUS,102.231
2025,6,Miami Grand Prix,SAI,102.419083
2025,6,Miami Grand Prix,ALB,103.6755
2025,6,Miami Grand Prix,LEC,101.439538
2025,6,Miami Grand Prix,OCO,99.782692
2025,6,Miami Grand Prix,TSU,98.316666
2025,6,Miami Grand Prix,HAD,103.388714
2025,6,Miami Grand Prix,HAM,102.120555
2025,6,Miami Grand Prix,BOR,103.1206
2025,6,Miami Grand Prix,DOO,100.738555
2025,6,Miami Grand Prix,LAW,104.24
2025,6,Miami Grand Prix,HUL,98.0855
2025,6,Miami Grand Prix,ALO,108.298
2025,6,Miami Grand Prix,GAS,113.309571
2025,6,Miami Grand Prix,STR,102.124833
2025,6,Miami Grand Prix,BEA,106.252142
2025,7,Emilia Romagna Grand Prix,PIA,93.287
2025,7,Emilia Romagna Grand Prix,VER,88.9701
2025,7,Emilia Romagna Grand Prix,RUS,89.5724
2025,7,Emilia Romagna Grand Prix,NOR,90.310818
2025,7,Emilia Romagna Grand Prix,ALO,87.406454
2025,7,Emilia Romagna Grand Prix,SAI,88.655916
2025,7,Emilia Romagna Grand Prix,ALB,89.790363
2025,7,Emilia Romagna Grand Prix,STR,91.876076
2025,7,Emilia Romagna Grand Prix,HAD,92.454222
2025,7,Emilia Romagna Grand Prix,GAS,87.9353
2025,7,Emilia Romagna Grand Prix,LEC,90.209125
2025,7,Emilia Romagna Grand Prix,HAM,92.706125
2025,7,Emilia Romagna Grand Prix,ANT,91.372375
2025,7,Emilia Romagna Grand Prix,BOR,92.2784
2025,7,Emilia Romagna Grand Prix,COL,90.418
2025,7,Emilia Romagna Grand Prix,LAW,96.158333
2025,7,Emilia Romagna Grand Prix,HUL,92.092
2025,7,Emilia Romagna Grand Prix,OCO,93.673333
2025,7,Emilia Romagna Grand Prix,BEA,86.131
2025,8,Monaco Grand Prix,NOR,85.225272
2025,8,Monaco Grand Prix,LEC,86.475818
2025,8,Monaco Grand Prix,PIA,87.465
2025,8,Monaco Grand Prix,HAM,86.643826
2025,8,Monaco Grand Prix,VER,82.121866
2025,8,Monaco Grand Prix,HAD,85.54905
2025,8,Monaco Grand Prix,ALO,88.40748
2025,8,Monaco Grand Prix,OCO,83.186846
2025,8,Monaco Grand Prix,LAW,85.48345
2025,8,Monaco Grand Prix,ALB,88.859965
2025,8,Monaco Grand Prix,SAI,88.164909
2025,8,Monaco Grand Prix,TSU,88.314187
2025,8,Monaco Grand Prix,HUL,83.966333
2025,8,Monaco Grand Prix,RUS,91.389
2025,8,Monaco Grand Prix,ANT,91.8799
2025,8,Monaco Grand Prix,BOR,87.724
2025,8,Monaco Grand Prix,BEA,86.519833
2025,8,Monaco Grand Prix,GAS,87.336333
2025,8,Monaco Grand Prix,STR,98.9154
2025,8,Monaco Grand Prix,COL,85.9973
2025,9,Spanish Grand Prix,PIA,88.3415
2025,9,Spanish Grand Prix,NOR,87.921222
2025,9,Spanish Grand Prix,VER,89.213285
2025,9,Spanish Grand Prix,RUS,85.296714
2025,9,Spanish Grand Prix,HAM,89.493222
2025,9,Spanish Grand Prix,ANT,87.314272
2025,9,Spanish Grand Prix,LEC,89.165571
2025,9,Spanish Grand Prix,GAS,90.17109
2025,9,Spanish Grand Prix,HAD,89.383111
2025,9,Spanish Grand Prix,ALO,90.376375
2025,9,Spanish Grand Prix,ALB,90.389333
2025,9,Spanish Grand Prix,BOR,90.33975
2025,9,Spanish Grand Prix,LAW,88.1055
2025,9,Spanish Grand Prix,STR,86.6338
2025,9,Spanish Grand Prix,BEA,84.5188
2025,9,Spanish Grand Prix,HUL,92.9925
2025,9,Spanish Grand Prix,OCO,90.280333
2025,9,Spanish Grand Prix,SAI,97.20525
2025,9,Spanish Grand Prix,COL,85.7565
2025,9,Spanish Grand Prix,TSU,88.5215
